Id,QuestGroupId,RequiredQuestGroupId,
0,questA-2,questA-1,
1,questA-3,questA-2,
2,questA-4,questA-3,
3,questA-5,questA-4,
4,questA-6,questA-5,
5,questA-7,questA-6,
6,questA-8,questA-7,
7,questA-9,questA-8,
8,questA-10,questA-9,
9,questA-11,questA-10,
10,questA-12,questA-11,
11,questA-13,questA-12,
12,questA-14,questA-13,
13,questA-15,questA-14,
14,questA-16,questA-15,
15,questA-17,questA-16,
16,questA-18,questA-17,
17,questA-19,questA-18,
18,questA-20,questA-19,
19,questB-1,questA-13,
20,questC-1,questA-16,
21,questC-2,questC-1,
22,questC-3,questC-2,
23,questC-4,questC-3,
24,questC-5,questC-4,
25,questD-1,questA-19,
26,questD-2,questD-1,
27,questD-3,questD-2,
28,questD-4,questD-3,
29,questD-5,questD-4,
30,questD-6,questD-5,
31,questD-7,questD-6,
32,questD-8,questD-7,
33,questD-9,questD-8,
34,questD-10,questD-9,
35,questD-11,questD-10,
36,questD-12,questD-11,
37,questD-13,questD-12,
38,questD-14,questD-13,
39,questD-15,questD-14,
40,questE-1,questA-19,
41,questE-2,questE-1,
42,questE-3,questE-2,
43,questE-4,questE-3,
44,questE-5,questE-4,
45,questG-1,questE-5,
46,questG-1,questD-5,
47,questG-2,questG-1,
48,questG-3,questG-2,
49,questG-4,questG-3,
50,questG-5,questG-4,
