Id,Items,
questA-1,quest_A1,
questA-2,quest_A2,
questA-3,quest_A3,
questA-4,quest_A4,
questA-5,quest_A5,
questA-6,quest_A6,
questA-7,quest_A7,
questA-8,quest_A8,
questA-9,quest_A9,
questA-10,quest_A10,
questA-11,quest_A11,
questA-12,quest_A12,
questA-13,quest_A13,
questA-14,quest_A14,
questA-15,quest_A15,
questA-16,quest_A16,
questA-17,quest_A17,
questA-18,quest_A18,
questA-19,quest_A19,
questA-20,quest_A20,
questB-1,quest_B1,
questC-1,quest_C1,
questC-2,quest_C2,
questC-3,quest_C3,
questC-4,quest_C4,
questC-5,quest_C5,
questD-1,quest_D1,
questD-2,quest_D2,
questD-3,quest_D3,
questD-4,quest_D4,
questD-5,quest_D5,
questD-6,quest_D6,
questD-7,quest_D7,
questD-8,quest_D8,
questD-9,quest_D9,
questD-10,quest_D10,
questD-11,quest_D11,
questD-12,quest_D12,
questD-13,quest_D13,
questD-14,quest_D14,
questD-15,quest_D15,
questE-1,quest_E1,
questE-2,quest_E2,
questE-3,quest_E3,
questE-4,quest_E4,
questE-5,quest_E5,
questG-1,quest_G1,
questG-2,quest_G2,
questG-3,quest_G3,
questG-4,quest_G4,
questG-5,quest_G5,
